Name,Sector,Country,Group,report_count
TERUMO,Healthcare Products,Japan,Consumer,9
Infosys Limited,Commercial Services,India,Financial,8
Iino Lines,Logistics,Japan,Financial,7
Iwatani,Energy Utilities,Japan,Industrial,7
NSK Ltd.,Equipment,Japan,Industrial,7
Jtekt Corporation,Metals Products,Japan,Industrial,7
Toyoda Gosei Company Limited,Automotive,Japan,Industrial,6
Aeon,Retailers,Japan,Consumer,6
THK Company Limited,Metals Products,Japan,Industrial,6
Madison Gas and Electric,Energy,United States of America,Industrial,6
Canfor Corp.,Forest and Paper Products,Canada,Other,6
Shin-Etsu Chemical,Chemicals,Japan,Industrial,6
TECHNO ASSOCIE,Equipment,Japan,Industrial,6
TNT Express,Logistics,Netherlands,Financial,6
Sponda,Real Estate,Finland,Financial,6
Foster,Equipment,Japan,Industrial,6
Swiss Re,Financial Services,Switzerland,Financial,5
CITIC Securities,Financial Services,Mainland China,Financial,5
Sumitomo Metal Mining,Mining,Japan,Industrial,5
Hitachi Chemical,Chemicals,Japan,Industrial,5
Inpex,Energy,Japan,Industrial,5
Rockline Industries,Household and Personal Products,United States of America,Consumer,5
Royal Bank of Canada (RBC),Financial Services,Canada,Financial,5
Sappi Group,Forest and Paper Products,South Africa,Other,5
CVS Health,Healthcare Products,United States of America,Consumer,5
Orient Overseas International,Logistics,Hong Kong,Financial,5
Daiwa Securities Group,Financial Services,Japan,Financial,5
East Japan Railway,Railroad,Japan,Other,5
Brother,Technology Hardware,Japan,Consumer,5
Chubu Electric Power,Energy,Japan,Industrial,5
IBIDEN,Equipment,Japan,Industrial,5
Fluor,Other,United States of America,Other,5
Westbank First Nation,Public Agency,Canada,Other,5
Vodafone Greece,Telecommunications,Greece,Consumer,5
Sonae Sierra,Real Estate,Portugal,Financial,5
ASML,Technology Hardware,Netherlands,Consumer,4
Morgan Stanley,Financial Services,United States of America,Financial,4
Azbil,Conglomerates,Japan,Financial,4
OCBC Wing Hang Bank,Financial Services,Hong Kong,Financial,4
H.I.S.,Tourism/Leisure,Japan,Other,4
Xerox,Equipment,United States of America,Industrial,4
Eurochem,Chemicals,Russian Federation,Industrial,4
BHEL,Energy Utilities,India,Industrial,4
Minto,Real Estate,Canada,Financial,4
Big Yellow Self Storage,Commercial Services,United Kingdom of Great Britain and Northern Ireland,Financial,4
Deutsche Börse AG,Financial Services,Germany,Financial,4
Anasoft,Technology Hardware,Slovak Republic,Consumer,4
Strauss Group,Food and Beverage Products,Israel,Consumer,4
Panasonic Corporation,Consumer Durables,Japan,Other,4
Sega Sammy Holdings,Other,Japan,Other,4
SCSK,Other,Japan,Other,4
Procter & Gamble,Household and Personal Products,United States of America,Consumer,4
Burckhardt Compression,Equipment,Switzerland,Industrial,4
Akebono Brake Industry,Other,Japan,Other,4
SingTel Optus,Telecommunications,Australia,Consumer,4
"Sompo Holdings, Inc.",Financial Services,Japan,Financial,4
Oxford Properties Group,Real Estate,Canada,Financial,4
Sampo Group,Financial Services,Finland,Financial,4
Mountain Rose Herbs,Food and Beverage Products,United States of America,Consumer,4
TOTO,Consumer Durables,Japan,Other,4
Marriott International,Tourism/Leisure,United States of America,Other,4
UPM-Kymmene,Forest and Paper Products,Finland,Other,4
Topsil,Construction Materials,Denmark,Other,4
Takenaka Corporation,Construction,Japan,Industrial,4
Bajaj Auto,Automotive,India,Industrial,4
TECO Energy,Energy Utilities,United States of America,Industrial,4
TechnipFMC,Energy,France,Industrial,4
Alps Electric,Equipment,Japan,Industrial,4
Henkel,Household and Personal Products,Germany,Consumer,4
Idemitsu Kosan,Energy,Japan,Industrial,4
Yasar Holding,Conglomerates,Turkey,Financial,3
Hitachi,Technology Hardware,Japan,Consumer,3
alstria office REIT-AG,Real Estate,Germany,Financial,3
YKK,Construction Materials,Japan,Other,3
Eskom,Energy Utilities,South Africa,Industrial,3
DaVita,Healthcare Services,United States of America,Other,3
Craft Brew Alliance,Food and Beverage Products,United States of America,Consumer,3
Cosmo Oil,Energy,Japan,Industrial,3
TESI,Financial Services,Finland,Financial,3
Doe Run Company,Metals Products,United States of America,Industrial,3
Jacobs Engineering Group,Commercial Services,United States of America,Financial,3
Motor Oil Hellas,Energy,Greece,Industrial,3
Lawson,Retailers,Japan,Consumer,3
Komatsu,Other,Japan,Other,3
Louis Dreyfus Company (LDC),Agriculture,Netherlands,Other,3
Laurentian Bank Of Canada,Financial Services,Canada,Financial,3
Lemminkäinen,Construction,Finland,Industrial,3
Mahindra & Mahindra Limited,Automotive,India,Industrial,3
MEC (Mountain Equipment Co-op),Retailers,Canada,Consumer,3
Texas Instruments,Computers,United States of America,Other,3
IHI,Energy Utilities,Japan,Industrial,3
Hitachi High-Technologies Corp.,Conglomerates,Japan,Financial,3
Amway Europe,Other,Germany,Other,3
Hudbay,Mining,Canada,Industrial,3
Adobe Systems,Computers,United States of America,Other,3
Epson (Seiko Epson),Technology Hardware,Japan,Consumer,3
Vodafone NZ,Telecommunications,New Zealand,Consumer,3
Hang Seng Bank,Financial Services,Hong Kong,Financial,3
KYB Corporation,Automotive,Japan,Industrial,3
UNITIKA,Conglomerates,Japan,Financial,3
United Microelectronics Corporation (UMC ),Technology Hardware,Taiwan,Consumer,3
Union of Concerned Scientists,Non-Profit / Services,United States of America,Other,3
Temple University,Universities,United States of America,Other,3
Teollisuuden Voima Oyj (TVO),Energy,Finland,Industrial,3
Thornton Tomasetti,Construction,United States of America,Industrial,3
Metito,Water Utilities,United Arab Emirates,Other,3
Onninen,Other,Finland,Other,3
Orix,Financial Services,Japan,Financial,3
"Cisco Systems, Inc.",Technology Hardware,United States of America,Consumer,3
Commerce Bank,Financial Services,United States of America,Financial,3
Society of Motor Manufacturers & Traders (SMMT),Automotive,United Kingdom of Great Britain and Northern Ireland,Industrial,3
SoftBank,Telecommunications,Japan,Consumer,3
Cytec Industries,Chemicals,United States of America,Industrial,3
Shin-Etsu Polymer,Chemicals,Japan,Industrial,3
Citycon,Real Estate,Finland,Financial,3
Sumitomo Forestry,Real Estate,Japan,Financial,3
Sumitomo Chemicals,Chemicals,Japan,Industrial,3
Mitsubishi Estate,Real Estate,Japan,Financial,3
Cleveland Clinic,Healthcare Services,United States of America,Other,3
Bouwinvest REIM,Real Estate,Netherlands,Financial,3
Shree Cement Limited,Construction Materials,India,Other,3
Skyworks,Other,United States of America,Other,3
COAL INDIA LTD,Mining,India,Industrial,3
Calsonic Kansei,Automotive,Japan,Industrial,3
Posti,Logistics,Finland,Financial,3
Pohjolan Voima,Energy,Finland,Industrial,3
Cathay Pacific Catering Services (CPCS),Food and Beverage Products,Hong Kong,Consumer,3
Sartorius Stedim Biotech,Equipment,France,Industrial,3
Rettig Group,Financial Services,Finland,Financial,3
Ricoh,Technology Hardware,Japan,Consumer,3
CEDEC (European Federation of Local Energy Companies),Energy,Belgium,Industrial,3
Ricoh Europe,Technology Hardware,United Kingdom of Great Britain and Northern Ireland,Consumer,3
Gaz-System S.A.,Energy Utilities,Poland,Industrial,3
Fujitsu,Equipment,Japan,Industrial,3
Groupe Eurotunnel SA,Railroad,France,Other,3
Grainger PLC,Real Estate,United Kingdom of Great Britain and Northern Ireland,Financial,3
Godrej Interio,Consumer Durables,India,Other,3
Wilson Bayly Holmes-Ovcon,Other,South Africa,Other,3
ADFIAP,Non-Profit / Services,Philippines,Other,2
bioRe Foundation,Non-Profit / Services,Switzerland,Other,2
eBay,Commercial Services,United States of America,Financial,2
jetBlue,Aviation,United States of America,Other,2
myclimate,Non-Profit / Services,Switzerland,Other,2
Vreugdenhil Dairy Foods,Food and Beverage Products,Netherlands,Consumer,2
Vygon (UK) Ltd,Healthcare Products,United Kingdom of Great Britain and Northern Ireland,Consumer,2
Waste Management,Waste Management,United States of America,Other,2
Waterfront Toronto,Public Agency,Canada,Other,2
AgroFair,Agriculture,Netherlands,Other,2
Ahlstrom Corporation,Forest and Paper Products,Finland,Other,2
Ak-Kim Kimya San. ve Tic. A.S.,Chemicals,Turkey,Industrial,2
William Hill,Other,United Kingdom of Great Britain and Northern Ireland,Other,2
Wrigley,Food and Beverage Products,United States of America,Consumer,2
Handelsbanken,Financial Services,Sweden,Financial,2
Gold Coast City Council,Public Agency,Australia,Other,2
GRIEG SEAFOOD ASA,Other,Norway,Other,2
Fibria,Forest and Paper Products,Brazil,Other,2
Grand & Toy,Retailers,Canada,Consumer,2
Green Shield Canada,Other,Canada,Other,2
GEA,Metals Products,Germany,Industrial,2
"Yokohama Rubber Co., Ltd.",Construction Materials,Japan,Other,2
Yum Brands,Food and Beverage Products,United States of America,Consumer,2
ZTE Corporation,Technology Hardware,Mainland China,Consumer,2
ATCO Group,Conglomerates,Canada,Financial,2
Royal Dutch Shell,Energy,Netherlands,Industrial,2
S&D Coffe&Tea,Food and Beverage Products,United States of America,Consumer,2
SC Johnson,Household and Personal Products,United States of America,Consumer,2
"Cardinal Health, Inc.",Healthcare Services,United States of America,Other,2
Bucher Industries AG,Equipment,Switzerland,Industrial,2
Robert Bosch GmbH,Conglomerates,Germany,Financial,2
Rolfes Technology,Other,South Africa,Other,2
Romradiatoare,Consumer Durables,Romania,Other,2
Rapala VMC,Other,Finland,Other,2
Centamin,Mining,Australia,Industrial,2
Challenger,Financial Services,Australia,Financial,2
Camfil,Other,Sweden,Other,2
Raytheon Company,Other,United States of America,Other,2
Resona,Financial Services,Japan,Financial,2
PricewaterhouseCoopers LLP,Financial Services,United States of America,Financial,2
Prysmian Group,Equipment,Italy,Industrial,2
Qatar Gas Transport Company Ltd,Energy Utilities,Qatar,Industrial,2
Quadra Chemicals,Chemicals,Canada,Industrial,2
Petronet LNG,Energy,India,Industrial,2
Planzer,Logistics,Switzerland,Financial,2
PostNL,Logistics,Netherlands,Financial,2
PHOENIX Group,Healthcare Products,Germany,Consumer,2
PORR,Construction,Austria,Industrial,2
Pacific Basin,Commercial Services,Hong Kong,Financial,2
Pacific Market International,Household and Personal Products,United States of America,Consumer,2
Pacific Northwest National Laboratory,Public Agency,United States of America,Other,2
Cascades Inc.,Consumer Durables,Canada,Other,2
Casio,Computers,Japan,Other,2
PanAust,Metals Products,Australia,Industrial,2
PayPoint,Financial Services,United Kingdom of Great Britain and Northern Ireland,Financial,2
Siemens,Conglomerates,Germany,Financial,2
CK Hutchison Holdings Limited,Conglomerates,Hong Kong,Financial,2
CLH,Logistics,Spain,Financial,2
SingTel - Singapore Telecommunications Limited,Telecommunications,Singapore,Consumer,2
Schneider Electric,Equipment,France,Industrial,2
Seventh Generation,Household and Personal Products,United States of America,Consumer,2
STERLING BANK,Financial Services,Nigeria,Financial,2
Sabvest,Other,South Africa,Other,2
Oriflame,Household and Personal Products,Sweden,Consumer,2
Oriola-KD,Healthcare Products,Finland,Consumer,2
Orsay,Textiles and Apparel,Germany,Other,2
Otsuka Group,Healthcare Products,Japan,Consumer,2
PALLADIO GROUP s.p.a.,Other,Italy,Other,2
PG&E,Energy Utilities,United States of America,Industrial,2
Neonlite Electronic & Lighting (HK) Ltd,Other,Hong Kong,Other,2
OP,Financial Services,Finland,Financial,2
Standard Chartered,Financial Services,United Kingdom of Great Britain and Northern Ireland,Financial,2
Starbucks Coffee Company,Food and Beverage Products,United States of America,Consumer,2
State Street Corporation,Financial Services,United States of America,Financial,2
Stockmann,Retailers,Finland,Consumer,2
Smurfit Kappa,Forest and Paper Products,Ireland,Other,2
Softchoice Corporation,Computers,Canada,Other,2
Bekaert SA,Metals Products,Belgium,Industrial,2
Songwon Industrial Group,Chemicals,"Korea, Republic of",Industrial,2
OSRAM,Other,Germany,Other,2
NTT Communications,Telecommunications,Japan,Consumer,2
Creta Maris Beach Resort,Tourism/Leisure,Greece,Other,2
Cloetta,Food and Beverage Products,Sweden,Consumer,2
Colgate-Palmolive,Healthcare Products,United States of America,Consumer,2
NYK Line (Nippon Yusen Kabushiki Kaisha),Logistics,Japan,Financial,2
Navistar International,Automotive,United States of America,Industrial,2
Mini Stop (Aeon),Retailers,Japan,Consumer,2
Minor International Public Company Limited,Food and Beverage Products,Thailand,Consumer,2
TITAN CEMENT,Construction Materials,Greece,Other,2
Sumitomo Bakelite,Chemicals,Japan,Industrial,2
Sumitomo Mitsui Financial Group (SMFG),Financial Services,Japan,Financial,2
Sunoco,Chemicals,United States of America,Industrial,2
BAA Stansted,Aviation,United Kingdom of Great Britain and Northern Ireland,Other,2
BPCL,Energy,India,Industrial,2
Sustainalytics,Financial Services,Netherlands,Financial,2
Suzuki Motor Corporation,Automotive,Japan,Industrial,2
Mitsubishi Heavy Industries,Other,Japan,Other,2
Mitsubishi Materials,Conglomerates,Japan,Financial,2
Dah Sing,Financial Services,Hong Kong,Financial,2
Dainippon Screen,Technology Hardware,Japan,Consumer,2
Dakota Provisions,Food and Beverage Products,United States of America,Consumer,2
Dalekovod,Construction Materials,Croatia,Other,2
"Cook County, Illinois",Non-Profit / Services,United States of America,Other,2
Montupet,Automotive,France,Industrial,2
Moser Baer India,Other,India,Other,2
Teradata,Commercial Services,United States of America,Financial,2
TPS Eastern Africa (Serena) Ltd,Tourism/Leisure,Kenya,Other,2
Bank of East Asia,Financial Services,Hong Kong,Financial,2
Ashok Leyland,Automotive,India,Industrial,2
Aspen Snowmass,Tourism/Leisure,United States of America,Other,2
Tamron,Technology Hardware,Japan,Consumer,2
TD Bank Financial Group,Financial Services,Canada,Financial,2
Maruti Suzuki India Ltd.,Automotive,India,Industrial,2
Mellanox,Technology Hardware,Israel,Consumer,2
Merck Germany,Healthcare Products,Germany,Consumer,2
Millennium Banco Comercial Português,Financial Services,Portugal,Financial,2
Lundin Petroleum,Energy,Sweden,Industrial,2
Mahanadi Coalfields Limited,Mining,India,Industrial,2
Deloitte LLP,Commercial Services,United Kingdom of Great Britain and Northern Ireland,Financial,2
Dentsu,Commercial Services,Japan,Financial,2
Deutsche Bank,Financial Services,Germany,Financial,2
Deutsche Telekom,Telecommunications,Germany,Consumer,2
DAWN,Logistics,South Africa,Financial,2
DNO,Energy,Norway,Industrial,2
DNV GL,Commercial Services,Norway,Financial,2
DVLA (Driver & Vehicle Licensing Agency),Public Agency,United Kingdom of Great Britain and Northern Ireland,Other,2
De Nederlandsche Bank,Financial Services,Netherlands,Financial,2
Leoni,Technology Hardware,Germany,Consumer,2
Lincoln Financial Group,Financial Services,United States of America,Financial,2
Lintec,Other,Japan,Other,2
Lundin Mining,Mining,Canada,Industrial,2
Kirloskar Brothers Limited (KBL),Equipment,India,Industrial,2
Kohl's Corporation,Retailers,United States of America,Consumer,2
Konica Minolta Group,Technology Hardware,Japan,Consumer,2
Korea East-West Power Corporation,Energy,"Korea, Republic of",Industrial,2
Kajima,Construction,Japan,Industrial,2
Kansai Paint Company,Chemicals,Japan,Industrial,2
Kawasaki Heavy Industries,Construction Materials,Japan,Other,2
Kddi Corp.,Telecommunications,Japan,Consumer,2
Kellogg,Food and Beverage Products,United States of America,Consumer,2
Edmonton International Airport,Aviation,Canada,Other,2
Kimball Office,Consumer Durables,United States of America,Other,2
King County,Public Agency,United States of America,Other,2
JLL,Real Estate,United Kingdom of Great Britain and Northern Ireland,Financial,2
Japan Airlines,Aviation,Japan,Other,2
K-water,Water Utilities,"Korea, Republic of",Other,2
Textron Inc,Equipment,United States of America,Industrial,2
The Cambodian Rural Development Team,Non-Profit / Services,Cambodia,Other,2
The Emirates Group,Aviation,United Arab Emirates,Other,2
The Hartford,Financial Services,United States of America,Financial,2
Apartment Investment & Management Company (AIMCO),Real Estate,United States of America,Financial,2
Aquafil,Textiles and Apparel,Italy,Other,2
Thermo Fisher Scientific,Healthcare Products,United States of America,Consumer,2
Tata Housing,Construction,India,Industrial,2
Tata Motors,Automotive,India,Industrial,2
Teleplan,Computers,Netherlands,Other,2
KBC Group,Financial Services,Belgium,Financial,2
Kagome,Food and Beverage Products,Japan,Consumer,2
Interpublic Group Cos,Media,United States of America,Other,2
EnBW AG,Energy Utilities,Germany,Industrial,2
EnCana,Energy,Canada,Industrial,2
Dynic Corporation,Forest and Paper Products,Japan,Other,2
EMC Corporation,Technology Hardware,United States of America,Consumer,2
EY Switzerland,Commercial Services,Switzerland,Financial,2
J. Safra Sarasin Holding,Financial Services,Switzerland,Financial,2
Imtech UK & Ireland,Construction,United Kingdom of Great Britain and Northern Ireland,Industrial,2
Indesit,Household and Personal Products,Italy,Consumer,2
ArcelorMittal Poland,Metals Products,Poland,Industrial,2
Argent Industrial Limited,Metals Products,South Africa,Industrial,2
Alma Media Group,Media,Finland,Other,2
Alpine Electronics,Consumer Durables,Japan,Other,2
US SIF,Non-Profit / Services,United States of America,Other,2
Timchenko Foundation,Non-Profit / Services,Russian Federation,Other,2
Toppan,Other,Japan,Other,2
Toray Industries Inc,Textiles and Apparel,Japan,Other,2
Turkish Airlines,Aviation,Turkey,Other,2
Imbalie Beauty,Retailers,South Africa,Consumer,2
Hitachi Kokusai Electric,Technology Hardware,Japan,Consumer,2
Hong Kong Airport Services (HAS),Aviation,Hong Kong,Other,2
Hormel Foods,Food and Beverage Products,United States of America,Consumer,2
Export Development Canada (EDC),Financial Services,Canada,Financial,2
FANUC,Technology Hardware,Japan,Consumer,2
FMC Corporation,Other,United States of America,Other,2
FOND OF GmbH,Other,Germany,Other,2
FUJIFILM Holdings Corporation,Conglomerates,Japan,Financial,2
Edwards Lifesciences,Healthcare Products,United States of America,Consumer,2
Eli Lilly,Healthcare Products,United States of America,Consumer,2
Wharf,Real Estate,Hong Kong,Financial,2
Whirlpool Corporation Brasil,Conglomerates,Brazil,Financial,2
Vietnam Holding,Financial Services,Viet Nam,Financial,2
Americas Styrenics,Chemicals,United States of America,Industrial,2
Anadarko Petroleum Corporation,Energy,United States of America,Industrial,2
Adidas Group,Retailers,Germany,Consumer,2
Vontobel Gruppe,Financial Services,Switzerland,Financial,2
Unum Group,Financial Services,United States of America,Financial,2
Vedanta Resources,Mining,United Kingdom of Great Britain and Northern Ireland,Industrial,2
Veidekke ASA,Construction,Norway,Industrial,2
Hulic,Real Estate,Japan,Financial,2
Hasbro Inc,Toys,United States of America,Other,2
Franke Group,Metals Products,Switzerland,Industrial,2
Epta Group,Consumer Durables,Italy,Other,2
Hines,Real Estate,United States of America,Financial,2
HUD Group,Water Utilities,Hong Kong,Other,2
ABB Asea Brown Boveri Ltd,Equipment,Switzerland,Industrial,2
ASUSTEK,Computers,Taiwan,Other,2
YMTC,Other,Taiwan,Other,2
ASICS,Textiles and Apparel,Japan,Other,2
Yokogawa Group,Conglomerates,Japan,Financial,2
AS Tallinna Vesi,Water Utilities,Estonia,Other,1
AECOM,Other,United States of America,Other,1
AGL Resources,Energy,United States of America,Industrial,1
AGRANA Group,Food and Beverage Products,Austria,Consumer,1
AJ Lucas,Other,Australia,Other,1
Wapic Insurance Plc.,Financial Services,Nigeria,Financial,1
Agility,Logistics,Kuwait,Financial,1
Ajanta Pharma Limted,Healthcare Products,India,Consumer,1
Ajinomoto,Food and Beverage Products,Japan,Consumer,1
William Demant,Healthcare Services,Denmark,Other,1
Wipro Ltd,Other,India,Other,1
Witteveen+Bos,Other,Netherlands,Other,1
Wonkwang University,Universities,"Korea, Republic of",Other,1
Workiva,Computers,United States of America,Other,1
World Vision International,Non-Profit / Services,Switzerland,Other,1
Welspun Group,Conglomerates,India,Financial,1
Wema Bank Plc.,Financial Services,Nigeria,Financial,1
Western Kentucky University,Universities,United States of America,Other,1
Westpac Banking Corporation,Financial Services,Australia,Financial,1
Vermilion Energy Inc.,Energy,Canada,Industrial,1
Viessmann,Energy,Germany,Industrial,1
Geberit,Construction Materials,Switzerland,Other,1
Gemalto,Commercial Services,Netherlands,Financial,1
Genentech,Healthcare Products,United States of America,Consumer,1
General Electric (GE),Conglomerates,United States of America,Financial,1
Generali Group,Financial Services,Italy,Financial,1
Genting Berhad,Conglomerates,Malaysia,Financial,1
Genworth,Financial Services,United States of America,Financial,1
Fraport AG,Aviation,Germany,Other,1
Fresenius Medical Care,Healthcare Products,Germany,Consumer,1
Fuji Heavy Industries (Subaru),Automotive,Japan,Industrial,1
Fujitsu Services UK,Technology Hardware,United Kingdom of Great Britain and Northern Ireland,Consumer,1
G-VISION,Tourism/Leisure,Hong Kong,Other,1
GARAN,Retailers,United States of America,Consumer,1
GC Rieber,Other,Norway,Other,1
Aalto University,Universities,Finland,Other,1
Abacus Property Group,Real Estate,Australia,Financial,1
Farmer Brothers,Food and Beverage Products,United States of America,Consumer,1
Federation University Australia,Universities,Australia,Other,1
Fennovoima,Energy Utilities,Finland,Industrial,1
Fingerprints,Technology Hardware,Sweden,Consumer,1
Finnvera,Financial Services,Finland,Financial,1
Greater Cleveland RTA,Public Agency,United States of America,Other,1
Greif,Logistics,United States of America,Financial,1
Grindeks,Healthcare Products,Latvia,Consumer,1
GUTTMANN - FUNDACIÓ INSTITUT GUTTMANN,Healthcare Services,Spain,Other,1
Galliford Try,Construction,United Kingdom of Great Britain and Northern Ireland,Industrial,1
Gannett Fleming,Commercial Services,United States of America,Financial,1
Gas Natural SDG,Energy Utilities,Spain,Industrial,1
GasTerra,Energy,Netherlands,Industrial,1
Gasum,Energy,Finland,Industrial,1
Gasunie,Energy,Netherlands,Industrial,1
Gazprom Neft,Energy,Russian Federation,Industrial,1
Georg Fischer,Conglomerates,Switzerland,Financial,1
"Gigabyte Technology Co., Ltd.",Computers,Taiwan,Other,1
Gildan,Textiles and Apparel,Canada,Other,1
Glasswing International,Non-Profit / Services,El Salvador,Other,1
Global Sustain,Commercial Services,Greece,Financial,1
Goa Glass Fibre,Construction Materials,India,Other,1
Goodman Group,Real Estate,Australia,Financial,1
GF Securities Hong Kong,Financial Services,Hong Kong,Financial,1
GIGABYTE,Technology Hardware,Taiwan,Consumer,1
GMR Energy,Energy Utilities,India,Industrial,1
GN,Other,Denmark,Other,1
GPSC,Energy Utilities,Thailand,Industrial,1
GRI,Non-Profit / Services,Netherlands,Other,1
Fairmount Santrol,Mining,United States of America,Industrial,1
Farabi Petrochemicals Company,Energy,Saudi Arabia,Industrial,1
Farm Credit Canada,Agriculture,Canada,Other,1
Hindustan Unilever Ltd.,Consumer Durables,India,Other,1
Hindustan Zinc Limited,Mining,India,Industrial,1
Hirose,Equipment,Japan,Industrial,1
Gruma,Food and Beverage Products,Mexico,Consumer,1
Grupo Soares da Costa (SGPS),Construction,Portugal,Industrial,1
Gruppo Campari,Food and Beverage Products,Italy,Consumer,1
Gruppo Hera,Energy Utilities,Italy,Industrial,1
Guinness Nigeria,Food and Beverage Products,Nigeria,Consumer,1
Gujrat Gas Limited,Energy,India,Industrial,1
H&M (Hennes & Mauritz),Retailers,Sweden,Consumer,1
HAESL (Hong Kong Aero Engines Services Limited),Aviation,Hong Kong,Other,1
"HCP, Inc.",Real Estate,United States of America,Financial,1
HEMA,Retailers,Netherlands,Consumer,1
HHLA (Hamburger Hafen und Logistik),Logistics,Germany,Financial,1
Hammerson,Real Estate,United Kingdom of Great Britain and Northern Ireland,Financial,1
Hang Lung,Real Estate,Hong Kong,Financial,1
Hanson UK,Construction Materials,United Kingdom of Great Britain and Northern Ireland,Other,1
Havells,Other,India,Other,1
Heijmans,Construction,Netherlands,Industrial,1
Heineken Malaysia,Food and Beverage Products,Malaysia,Consumer,1
Hindalco Industries,Mining,India,Industrial,1
Hindustan Aeronautics Limited,Aviation,India,Other,1
FirstGroup,Logistics,United Kingdom of Great Britain and Northern Ireland,Financial,1
Follow Your Heart,Food and Beverage Products,United States of America,Consumer,1
Foneworx Holdings,Telecommunications,South Africa,Consumer,1
Fort Collins Utilities,Energy Utilities,United States of America,Industrial,1
Eni S.P.A.,Energy,Italy,Industrial,1
Erdemir,Metals Products,Turkey,Industrial,1
Erste Group Bank,Financial Services,Austria,Financial,1
Etisalat Nigeria,Telecommunications,Nigeria,Consumer,1
European Investment Bank (EIB),Financial Services,Luxembourg,Financial,1
Hindustan Construction Company (HCC),Construction,India,Industrial,1
Holy Stone Enterprise,Technology Hardware,Taiwan,Consumer,1
Hospira,Chemicals,United States of America,Industrial,1
Experian PLC,Other,United Kingdom of Great Britain and Northern Ireland,Other,1
FERTIL,Chemicals,United Arab Emirates,Industrial,1
Eesti Energia,Energy,Estonia,Industrial,1
Eiffage,Construction,France,Industrial,1
Eisai,Healthcare Products,Japan,Consumer,1
Eksport Kredit Fonden (EKF),Financial Services,Denmark,Financial,1
Elcogas,Energy,Spain,Industrial,1
ElringKlinger,Automotive,Germany,Industrial,1
Emami Ltd,Healthcare Products,India,Consumer,1
"Hrvatska poštanska banka, d.d.",Financial Services,Croatia,Financial,1
Hua Lien,Agriculture,Hong Kong,Other,1
Huntsman Corporation,Chemicals,United States of America,Industrial,1
Husky energy,Energy,Canada,Industrial,1
Hutchison Whampoa Limited,Conglomerates,Hong Kong,Financial,1
Intel Corporation,Technology Hardware,United States of America,Consumer,1
International Industries Limited,Metals Products,Pakistan,Industrial,1
Hyatt International,Tourism/Leisure,United States of America,Other,1
Hybrid Kinetic,Automotive,Hong Kong,Industrial,1
Hyundai Motor Company,Automotive,"Korea, Republic of",Industrial,1
ICL,Chemicals,Israel,Industrial,1
IDACORP,Energy,United States of America,Industrial,1
IDLC,Financial Services,Bangladesh,Financial,1
IIFL Holdings Limited,Financial Services,India,Financial,1
IMI,Metals Products,United Kingdom of Great Britain and Northern Ireland,Industrial,1
IRB Infrastructure Developers Limited,Construction,India,Industrial,1
If P&C Insurance,Financial Services,Sweden,Financial,1
Ikeja Electric,Energy,Nigeria,Industrial,1
Hoang Anh Gia Lai,Agriculture,Viet Nam,Other,1
Hogan Lovells,Commercial Services,United States of America,Financial,1
Holcim Technology Ltd.,Construction Materials,Switzerland,Other,1
EYGS LLP,Financial Services,United Kingdom of Great Britain and Northern Ireland,Financial,1
Itella,Logistics,Finland,Financial,1
J+J Flooring Group,Commercial Services,United States of America,Financial,1
JCDecaux,Media,France,Other,1
JFE Holdings,Conglomerates,Japan,Financial,1
JGC Corporation,Energy,Japan,Industrial,1
Imerys,Mining,France,Industrial,1
Impahla Clothing,Textiles and Apparel,South Africa,Other,1
Imperial Holdings,Logistics,South Africa,Financial,1
Incheon Airport IIAC,Aviation,"Korea, Republic of",Other,1
Indiabulls Housing Finance Limited,Conglomerates,India,Financial,1
Indian Oil,Energy Utilities,India,Industrial,1
Indika Energy,Energy Utilities,Indonesia,Industrial,1
Industrial Alliance Insurance,Financial Services,Canada,Financial,1
Infrasors,Mining,South Africa,Industrial,1
Intel China,Technology Hardware,Mainland China,Consumer,1
Interoil,Other,Norway,Other,1
Intu Group,Real Estate,United Kingdom of Great Britain and Northern Ireland,Financial,1
Ipsos,Commercial Services,France,Financial,1
Irish Life and Permanent Group (IL and P),Financial Services,Ireland,Financial,1
Iseki,Equipment,Japan,Industrial,1
Isuzu Motors,Automotive,Japan,Industrial,1
Embraco,Equipment,Brazil,Industrial,1
Enel,Energy Utilities,Italy,Industrial,1
Enerplus Corporation,Energy,Canada,Industrial,1
Enexis,Energy Utilities,Netherlands,Industrial,1
Engro Polymer & Chemical Limited,Chemicals,Pakistan,Industrial,1
EFORCE HOLDINGS,Household and Personal Products,Hong Kong,Consumer,1
ELG Haniel,Metals Products,Germany,Industrial,1
ELINOIL,Energy,Greece,Industrial,1
EMC Ireland,Computers,Ireland,Other,1
EQT,Energy,United States of America,Industrial,1
Dr. Soliman Fakeeh Hospital,Healthcare Services,Saudi Arabia,Other,1
Keystone Foods,Food and Beverage Products,United States of America,Consumer,1
Kikkoman,Food and Beverage Products,Japan,Consumer,1
Kimberly-Clark Australia,Household and Personal Products,Australia,Consumer,1
Kinross Gold Corporation,Mining,Canada,Industrial,1
Kirin Holdings,Food and Beverage Products,Japan,Consumer,1
JKX Oil & Gas plc,Energy Utilities,United Kingdom of Great Britain and Northern Ireland,Industrial,1
Johnson Controls,Energy,United States of America,Industrial,1
Jyväskylä Energy,Energy,Finland,Industrial,1
K+S-Gruppe,Chemicals,Germany,Industrial,1
KASIKORN BANK PCL,Financial Services,Thailand,Financial,1
KION GROUP AG,Equipment,Germany,Industrial,1
KSPO,Other,"Korea, Republic of",Other,1
KU Leuven Faculty of Economics and Business,Universities,Belgium,Other,1
International Organization for Standardization - ISO,Other,Switzerland,Other,1
International Union for the Conservation of Nature (IUCN),Other,Switzerland,Other,1
Kagome Australia Pty Ltd,Food and Beverage Products,Australia,Consumer,1
Kao Corporation,Chemicals,Japan,Industrial,1
Karlovarské minerální vody,Food and Beverage Products,Czech Republic,Consumer,1
Kentriki Odos S.A,Construction,Greece,Industrial,1
Eastman Chemical Company,Chemicals,United States of America,Industrial,1
Easyjet,Aviation,United Kingdom of Great Britain and Northern Ireland,Other,1
Eaton Corp.,Technology Hardware,Ireland,Consumer,1
EcoRodovias,Other,Brazil,Other,1
EcoVadis N.A.,Other,United States of America,Other,1
Dogus Otomotiv,Automotive,Turkey,Industrial,1
Domesco,Healthcare Products,Viet Nam,Consumer,1
Domex Group,Consumer Durables,Viet Nam,Other,1
Dongbu Insurance,Financial Services,"Korea, Republic of",Financial,1
Doosan Corporation,Conglomerates,"Korea, Republic of",Financial,1
Doosan Engine,Other,"Korea, Republic of",Other,1
Dr. Reddy's Laboratories India,Healthcare Products,India,Consumer,1
La Caixa,Financial Services,Spain,Financial,1
Labat Africa,Other,South Africa,Other,1
Lafarge Africa,Construction Materials,Nigeria,Other,1
Larsen & Toubro (L&T),Conglomerates,India,Financial,1
Lcy Chemical Corp.,Chemicals,Taiwan,Industrial,1
Klövern,Real Estate,Sweden,Financial,1
Kongsberg Automotive,Automotive,Norway,Industrial,1
Korea District Heating Corporation (KDHC),Other,"Korea, Republic of",Other,1
Korea Gas Corporation,Energy,"Korea, Republic of",Industrial,1
Korea Land Corporation,Other,"Korea, Republic of",Other,1
Korea Rail Network Authority,Railroad,"Korea, Republic of",Other,1
Koskisen,Forest and Paper Products,Finland,Other,1
Kuehne & Nagel,Logistics,Switzerland,Financial,1
Kumho Tires,Automotive,"Korea, Republic of",Industrial,1
Kureha Chemical Industries,Chemicals,Japan,Industrial,1
Kyobo Life Insurance,Financial Services,"Korea, Republic of",Financial,1
Lexmark,Technology Hardware,United States of America,Consumer,1
Life Technologies Corporation,Healthcare Products,United States of America,Consumer,1
Lion,Food and Beverage Products,Australia,Consumer,1
London Midland,Railroad,United Kingdom of Great Britain and Northern Ireland,Other,1
Longview Fiber Paper & Packaging,Forest and Paper Products,United States of America,Other,1
Loulis Mills S.A.,Agriculture,Greece,Other,1
Lufthansa Group,Aviation,Germany,Other,1
Kyocera,Equipment,Japan,Industrial,1
Kärcher,Household and Personal Products,Germany,Consumer,1
LANXESS AG,Chemicals,Germany,Industrial,1
LG Electronics,Consumer Durables,"Korea, Republic of",Other,1
LG Hausys,Construction Materials,"Korea, Republic of",Other,1
LG Household and Health Care,Healthcare Products,"Korea, Republic of",Consumer,1
LG International,Energy,"Korea, Republic of",Industrial,1
LION Corporation,Consumer Durables,Japan,Other,1
LS Cable & System,Equipment,"Korea, Republic of",Industrial,1
Dassault Aviation,Aviation,France,Other,1
Datacentrix,Telecommunications,South Africa,Consumer,1
"Davies Office Refurbishing, Inc.",Consumer Durables,United States of America,Other,1
Deakin University,Universities,Australia,Other,1
Dechra Pharmaceuticals,Healthcare Products,United Kingdom of Great Britain and Northern Ireland,Consumer,1
DekaBank,Financial Services,Germany,Financial,1
Mahindra SANYO,Metals Products,India,Industrial,1
Mandom,Consumer Durables,Japan,Other,1
Mapfre,Financial Services,Spain,Financial,1
Maple Leaf Foods,Food and Beverage Products,Canada,Consumer,1
Marenica Energy,Mining,South Africa,Industrial,1
Marico Ltd,Consumer Durables,India,Other,1
Marinopoulos,Retailers,Greece,Consumer,1
"Leighton Asia, India and Offshore Group",Construction,Hong Kong,Industrial,1
Leighton Contractors Pty Ltd,Conglomerates,Australia,Financial,1
Lennox International,Construction Materials,United States of America,Other,1
Deloitte (DTTL),Commercial Services,United States of America,Financial,1
"Department of Municipal Affairs, Abu Dhabi - United Arab Emirates",Public Agency,United Arab Emirates,Other,1
DBL Group,Textiles and Apparel,Bangladesh,Other,1
DDR Corp,Real Estate,United States of America,Financial,1
DNA,Telecommunications,Finland,Consumer,1
DRDGold Limited,Mining,South Africa,Industrial,1
DSV,Logistics,Denmark,Financial,1
Dragon Oil,Energy,United Arab Emirates,Industrial,1
DuPont,Chemicals,United States of America,Industrial,1
Dubai Aluminium (DUBAL),Metals Products,United Arab Emirates,Industrial,1
Dublin City Council,Public Agency,Ireland,Other,1
Dufry,Retailers,Switzerland,Consumer,1
Durabilis,Agriculture,Belgium,Other,1
Dynapack International Technology Corporation,Technology Hardware,Taiwan,Consumer,1
Danske Bank Group,Financial Services,Denmark,Financial,1
"Dartmouth, MA",Public Agency,United States of America,Other,1
Moncler,Textiles and Apparel,Italy,Other,1
Mondelez International,Food and Beverage Products,United States of America,Consumer,1
Marquard & Bahls AG,Energy,Germany,Industrial,1
Mars Logistics Group,Logistics,Turkey,Financial,1
Masdar,Energy,United Arab Emirates,Industrial,1
Mauritius Union Group,Financial Services,Mauritius,Financial,1
McDonald's Corporation,Food and Beverage Products,United States of America,Consumer,1
MediaMonks,Media,Netherlands,Other,1
Medtronic,Healthcare Products,United States of America,Consumer,1
Melco International,Tourism/Leisure,Hong Kong,Other,1
Methanex,Chemicals,Canada,Industrial,1
Metro Group,Food and Beverage Products,Germany,Consumer,1
Lydian International,Mining,Jersey,Industrial,1
Lynas Corporation Ltd,Mining,Australia,Industrial,1
"MUFG Union Bank, N.A.",Financial Services,United States of America,Financial,1
Macerich,Real Estate,United States of America,Financial,1
NV Energy,Energy Utilities,United States of America,Industrial,1
National Business Initiative (NBI),Non-Profit / Services,South Africa,Other,1
National Institute of Environmental Health Sciences (NIEH),Other,United States of America,Other,1
Nature Sweet,Food and Beverage Products,United States of America,Consumer,1
Naturepedic,Household and Personal Products,United States of America,Consumer,1
Mitsui Chemicals,Chemicals,Japan,Industrial,1
Mizuho Financial Group,Financial Services,Japan,Financial,1
Mobilink,Telecommunications,Pakistan,Consumer,1
Daiwa House,Construction,Japan,Industrial,1
Compass Minerals,Mining,United States of America,Industrial,1
Componenta,Metals Products,Finland,Industrial,1
ConAgra Foods,Food and Beverage Products,United States of America,Consumer,1
Cooper Industries,Equipment,United States of America,Industrial,1
Cooper Tire & Rubber Company,Automotive,United States of America,Industrial,1
Credit Suisse,Financial Services,Switzerland,Financial,1
Molex Inc,Technology Hardware,United States of America,Consumer,1
Mpact,Other,South Africa,Other,1
Murphy,Logistics,United States of America,Financial,1
Musanada,Other,United Arab Emirates,Other,1
NEI Investments,Financial Services,Canada,Financial,1
NS Corp,Railroad,United States of America,Other,1
NSK,Automotive,United States of America,Industrial,1
Crest Nicholson,Construction,United Kingdom of Great Britain and Northern Ireland,Industrial,1
Crown Equipment,Equipment,United States of America,Industrial,1
Cybercom,Commercial Services,Sweden,Financial,1
D'Ieteren,Automotive,Belgium,Industrial,1
"DAI-DAN Co., Ltd.",Construction,Japan,Industrial,1
Clarion,Technology Hardware,Japan,Consumer,1
Clorox,Household and Personal Products,United States of America,Consumer,1
Coca-Cola Hellenic Bottling Company,Food and Beverage Products,Greece,Consumer,1
Coca-Cola Japan,Food and Beverage Products,Japan,Consumer,1
Coca-Cola UK,Food and Beverage Products,United Kingdom of Great Britain and Northern Ireland,Consumer,1
Ciklopea,Other,Croatia,Other,1
Osaka Gas,Energy,Japan,Industrial,1
Otto Group,Textiles and Apparel,Germany,Other,1
Oxfam GB,Non-Profit / Services,United Kingdom of Great Britain and Northern Ireland,Other,1
Nutritional Holdings,Food and Beverage Products,South Africa,Consumer,1
O'Hara Inc.,Equipment,Japan,Industrial,1
O2 Czech Republic,Telecommunications,Czech Republic,Consumer,1
OANDO PLC,Energy,Nigeria,Industrial,1
OHL Group,Construction,Spain,Industrial,1
OPAP,Tourism/Leisure,Greece,Other,1
Obayashi,Construction,Japan,Industrial,1
Occidental Petroleum (Oxy),Energy,United States of America,Industrial,1
Oil India (OIL),Energy,India,Industrial,1
Oki Electric Industry,Household and Personal Products,Japan,Consumer,1
Olam International Limited,Agriculture,Singapore,Other,1
Old Mutual,Financial Services,South Africa,Financial,1
Peace Dining Corporation,Food and Beverage Products,United States of America,Consumer,1
Olympic,Food and Beverage Products,Bangladesh,Consumer,1
Olympus Corporation,Equipment,Japan,Industrial,1
Ontex,Household and Personal Products,Belgium,Consumer,1
Comair,Aviation,South Africa,Other,1
CommScope,Telecommunications,United States of America,Consumer,1
Commercial Bank of Ceylon PLC,Financial Services,Sri lanka,Financial,1
Commerzbank,Financial Services,Germany,Financial,1
Companhia de Electricidade de Macau (CEM),Energy Utilities,Macao,Industrial,1
Compass Group,Commercial Services,United Kingdom of Great Britain and Northern Ireland,Financial,1
China Agri-Industries Holdings Limited,Food and Beverage Products,Mainland China,Consumer,1
China Development Bank,Financial Services,Mainland China,Financial,1
China Everbright Bank,Financial Services,Mainland China,Financial,1
China Everbright International Limited,Financial Services,Mainland China,Financial,1
China Huarong Asset Management,Retailers,Hong Kong,Consumer,1
Cigna,Healthcare Services,United States of America,Other,1
Citibank Russia,Financial Services,Russian Federation,Financial,1
Citigroup,Financial Services,United States of America,Financial,1
Citrix Systems,Technology Hardware,United States of America,Consumer,1
City West Water,Water Utilities,Australia,Other,1
City of Beaverton,Public Agency,United States of America,Other,1
City of Chicago,Public Agency,United States of America,Other,1
City of Lawrence,Public Agency,United States of America,Other,1
Cascade Engineering,Other,United States of America,Other,1
Casella Waste Systems,Waste Management,United States of America,Other,1
Cashbuild,Retailers,South Africa,Consumer,1
Castellum,Real Estate,Sweden,Financial,1
Catena AB,Real Estate,Sweden,Financial,1
Celanese,Chemicals,United States of America,Industrial,1
Pall Corp.,Technology Hardware,United States of America,Consumer,1
Panasonic India,Technology Hardware,India,Consumer,1
Paulig,Food and Beverage Products,Finland,Consumer,1
Qisda,Technology Hardware,Taiwan,Consumer,1
Perfektüp Ambalaj Aerosol Business Unit,Other,Turkey,Other,1
PerkinElmer,Healthcare Services,United States of America,Other,1
Petroleum Geo-Services,Other,Norway,Other,1
Petronas,Energy,Malaysia,Industrial,1
Philip Morris International,Tobacco,Switzerland,Other,1
Ping An Bank,Financial Services,Mainland China,Financial,1
Pinova Holdings,Chemicals,United States of America,Industrial,1
PitneyBowes,Technology Hardware,United States of America,Consumer,1
Pohjola Pankki,Financial Services,Finland,Financial,1
Polarcus,Other,United Arab Emirates,Other,1
Port of Virginia,Public Agency,United States of America,Other,1
PGA of America,Other,United States of America,Other,1
PGNiG,Energy Utilities,Poland,Industrial,1
PIZU,Commercial Services,Hong Kong,Financial,1
PKN Orlen,Energy,Poland,Industrial,1
Camelot,Commercial Services,United Kingdom of Great Britain and Northern Ireland,Financial,1
Rashtriya Chemicals and Fertilizers Ltd. (RCF),Chemicals,India,Industrial,1
Recupel,Waste Management,Belgium,Other,1
Redcap Foundation,Non-Profit / Services,South Africa,Other,1
Regeneron Pharmaceuticals Inc,Chemicals,United States of America,Industrial,1
Renewable Energy Corporation (REC),Other,Norway,Other,1
Power Assets Holdings,Energy Utilities,Hong Kong,Industrial,1
"Poya International Co., Ltd.",Retailers,Taiwan,Consumer,1
PricewaterhouseCoopers (PwC) Finland,Commercial Services,Finland,Financial,1
Procter & Gamble Hygiene and Health Care Limited,Healthcare Services,India,Other,1
Proximus Group (Belgacom Mobile),Telecommunications,Belgium,Consumer,1
Prudential Investment Management Services,Financial Services,United States of America,Financial,1
"Publix Super Markets, Inc.",Food and Beverage Products,United States of America,Consumer,1
QIB,Financial Services,Qatar,Financial,1
QTC Energy,Other,Thailand,Other,1
Qenos,Other,Australia,Other,1
RAO Energy System of East,Energy Utilities,Russian Federation,Industrial,1
RBA Holdings,Construction,South Africa,Industrial,1
"ROHM Co., Ltd.",Other,Japan,Other,1
RSA Insurance Group,Financial Services,United Kingdom of Great Britain and Northern Ireland,Financial,1
RTKL Associates,Other,United States of America,Other,1
RWE npower,Energy Utilities,United Kingdom of Great Britain and Northern Ireland,Industrial,1
Raisio,Food and Beverage Products,Finland,Consumer,1
Ramirent,Equipment,Finland,Industrial,1
Cement Industries of Malaysia,Construction Materials,Malaysia,Other,1
Centrica,Energy,United Kingdom of Great Britain and Northern Ireland,Industrial,1
Chalhoub Group,Retailers,United Arab Emirates,Consumer,1
Cham Paper Group,Forest and Paper Products,Switzerland,Other,1
Chesapeake Energy,Energy,United States of America,Industrial,1
CN Rail,Railroad,Canada,Other,1
CRH Magyarország Kft.,Construction,Hungary,Industrial,1
Caesars Entertainment,Tourism/Leisure,United States of America,Other,1
CGGVeritas,Energy,France,Industrial,1
SENAPASTAMPA AMBALAJ SAN. TIC. A.S.,Other,Turkey,Other,1
SINTEF,Other,Norway,Other,1
SK Chemicals,Chemicals,"Korea, Republic of",Industrial,1
SK E&C,Construction,"Korea, Republic of",Industrial,1
SL Green Realty,Real Estate,United States of America,Financial,1
SM Investments Corp.,Conglomerates,Philippines,Financial,1
Revacs Corporation,Waste Management,Japan,Other,1
Rezidor Hotel Group,Tourism/Leisure,Belgium,Other,1
Richmond Road Holdings (RRH),Energy Utilities,United States of America,Industrial,1
Rio Tinto Coal Australia,Mining,Australia,Industrial,1
Riso,Equipment,Japan,Industrial,1
Robert Half International,Financial Services,United States of America,Financial,1
Rockwell Automation,Other,United States of America,Other,1
Rockwell Collins,Other,United States of America,Other,1
Rosenergoatom,Energy,Russian Federation,Industrial,1
Ross Stores,Textiles and Apparel,United States of America,Other,1
Rosy Blue Services,Other,Belgium,Other,1
Rupali Bank Limited,Financial Services,Bangladesh,Financial,1
SAIL,Metals Products,India,Industrial,1
SBM Offshore Amsterdam B.V.,Equipment,Netherlands,Industrial,1
Canon,Technology Hardware,Japan,Consumer,1
Canon Europe,Equipment,Netherlands,Industrial,1
Cargotec,Equipment,Finland,Industrial,1
Carrefour Groupe,Retailers,France,Consumer,1
Carris,Automotive,Portugal,Industrial,1
Cascade Drilling,Mining,United States of America,Industrial,1
Bucyrus International  Inc.,Equipment,United States of America,Industrial,1
Bumrungrad International Hospital,Healthcare Services,Thailand,Other,1
Bunzl,Other,United Kingdom of Great Britain and Northern Ireland,Other,1
Burgan Bank,Financial Services,Kuwait,Financial,1
CEPSA,Energy,Spain,Industrial,1
Semafo,Construction,Canada,Industrial,1
Sensient Technologies,Other,United States of America,Other,1
Seven & i Holdings,Retailers,Japan,Consumer,1
Sharp,Technology Hardware,Japan,Consumer,1
"SM Prime Holdings, Inc.",Other,Philippines,Other,1
SMA,Energy,Germany,Industrial,1
SNC-Lavalin Group,Construction,Canada,Industrial,1
SONAE,Conglomerates,Portugal,Financial,1
SPIL,Technology Hardware,Taiwan,Consumer,1
SRV Yhtiöt,Real Estate,Finland,Financial,1
STX Offshore & Shipbuilding Coroporation,Construction,"Korea, Republic of",Industrial,1
Safeway,Retailers,United States of America,Consumer,1
Sakari Resources,Mining,Singapore,Industrial,1
SamTrans,Other,United States of America,Other,1
Samsonite International,Retailers,Hong Kong,Consumer,1
Samsung Fire & Marine Insurance,Financial Services,"Korea, Republic of",Financial,1
Bougainville Copper Limited,Mining,Papua New Guinea,Industrial,1
Bowmer & Kirkland,Construction,United Kingdom of Great Britain and Northern Ireland,Industrial,1
Bpost,Logistics,Belgium,Financial,1
Brenntag AG,Chemicals,Germany,Industrial,1
Siemens Pakistan,Conglomerates,Pakistan,Financial,1
Signet Jewelers,Retailers,United Kingdom of Great Britain and Northern Ireland,Consumer,1
Sino Group,Real Estate,Hong Kong,Financial,1
Skandia,Financial Services,Sweden,Financial,1
Sapporo Holdings,Food and Beverage Products,Japan,Consumer,1
Sartorius,Equipment,Germany,Industrial,1
Sasktel,Telecommunications,Canada,Consumer,1
Saunders Construction,Construction,United States of America,Industrial,1
Savers,Textiles and Apparel,United States of America,Other,1
Sberbank,Financial Services,Russian Federation,Financial,1
Seafresh,Food and Beverage Products,Thailand,Consumer,1
Sears Holdings,Retailers,United States of America,Consumer,1
Sonae Indústria,Forest and Paper Products,Portugal,Other,1
Sonova,Healthcare Products,Switzerland,Consumer,1
Sony,Computers,Japan,Other,1
Shimizu,Construction,Japan,Industrial,1
Shinko,Equipment,Japan,Industrial,1
Shionogi,Healthcare Services,Japan,Other,1
Showa Denko,Chemicals,Japan,Industrial,1
Siam Commercial Bank,Financial Services,Thailand,Financial,1
CGI Group,Other,Canada,Other,1
CH. KARNCHANG,Construction,Thailand,Industrial,1
CITY E-SOLUTION,Tourism/Leisure,Hong Kong,Other,1
CJ,Food and Beverage Products,"Korea, Republic of",Consumer,1
Binani Zinc,Metals Products,India,Industrial,1
Biocon Limited,Healthcare Products,India,Consumer,1
BoConcept,Household and Personal Products,Denmark,Consumer,1
Boston Scientific Corp.,Healthcare Products,United States of America,Consumer,1
Solidium Oy,Financial Services,Finland,Financial,1
Brewery Vivant,Food and Beverage Products,United States of America,Consumer,1
Bridgestone,Chemicals,Japan,Industrial,1
Brookdale Senior Living,Healthcare Services,United States of America,Other,1
Brookfield Office Management,Real Estate,Canada,Financial,1
Brown University,Universities,United States of America,Other,1
Brown and Caldwell,Construction,United States of America,Industrial,1
Bankinter,Financial Services,Spain,Financial,1
Banrisul,Financial Services,Brazil,Financial,1
Barwa Real Estate,Real Estate,Qatar,Financial,1
Bashneft,Energy,Russian Federation,Industrial,1
Basware,Computers,Finland,Other,1
Bavaria,Food and Beverage Products,Netherlands,Consumer,1
Baxter International,Healthcare Products,United States of America,Consumer,1
Bell Canada,Telecommunications,Canada,Consumer,1
Sompo Japan Insurance,Financial Services,Japan,Financial,1
Swedish Match,Tobacco,Sweden,Other,1
Swire Pacific Limited,Conglomerates,Hong Kong,Financial,1
Sony Financial Holdings,Financial Services,Japan,Financial,1
Soriana,Food and Beverage Products,Mexico,Consumer,1
Sound Transit,Railroad,United States of America,Other,1
Southwest Gas Corporation,Energy,United States of America,Industrial,1
Southwire Company,Equipment,United States of America,Industrial,1
Standard Bank Limited,Financial Services,Bangladesh,Financial,1
Staples Inc.,Retailers,United States of America,Consumer,1
State Bank of India,Financial Services,India,Financial,1
Statoil ASA,Energy,Norway,Industrial,1
Steamships Trading Company,Logistics,Papua New Guinea,Financial,1
Smith & Nephew,Healthcare Products,United Kingdom of Great Britain and Northern Ireland,Consumer,1
Societe Generale Group,Financial Services,France,Financial,1
Sokol Blosser Winery,Food and Beverage Products,United States of America,Consumer,1
SolarWorld,Energy,Germany,Industrial,1
Suiker Unie,Food and Beverage Products,Netherlands,Consumer,1
Sumitomo Electric Industries,Technology Hardware,Japan,Consumer,1
Sun Limited,Tourism/Leisure,Mauritius,Other,1
Bellzone Mining,Mining,United Kingdom of Great Britain and Northern Ireland,Industrial,1
Bentall Kennedy,Real Estate,Canada,Financial,1
Berry Global,Other,United States of America,Other,1
Bilfinger,Commercial Services,Germany,Financial,1
Bilgi Üniversitesi,Universities,Turkey,Other,1
Binani Industries,Conglomerates,India,Financial,1
Ayurvet Limited,Healthcare Products,India,Consumer,1
B & M European Retail Value,Retailers,United Kingdom of Great Britain and Northern Ireland,Consumer,1
BA,Household and Personal Products,Portugal,Consumer,1
BMO Financial Group,Financial Services,Canada,Financial,1
BT Group,Telecommunications,United Kingdom of Great Britain and Northern Ireland,Consumer,1
Suntory,Food and Beverage Products,Japan,Consumer,1
Super Retail Group,Retailers,Australia,Consumer,1
Atlantia,Construction,Italy,Industrial,1
Atria Group,Food and Beverage Products,Finland,Consumer,1
"Taiwan Semiconductor Manufacturing Co., Ltd. (TSMC)",Technology Hardware,Taiwan,Consumer,1
Talanx,Financial Services,Germany,Financial,1
Tamura,Equipment,Japan,Industrial,1
Target Australia,Retailers,Australia,Consumer,1
Tarkett,Construction Materials,France,Other,1
Sysco Corp.,Retailers,United States of America,Consumer,1
Sysmex,Equipment,Japan,Industrial,1
T & D Holdings,Financial Services,Japan,Financial,1
T-Mobile Czech Republic,Telecommunications,Czech Republic,Consumer,1
TAKKT AG,Commercial Services,Germany,Financial,1
TAV,Aviation,Turkey,Other,1
TDK,Technology Hardware,Japan,Consumer,1
TE Connectivity,Technology Hardware,Switzerland,Consumer,1
TIM,Telecommunications,Italy,Consumer,1
TLG Immobilien,Real Estate,Germany,Financial,1
TNO,Other,Netherlands,Other,1
TOTAL,Energy,France,Industrial,1
Ta Ya Electric Wire & Cable,Metals Products,Taiwan,Industrial,1
TaeKwang,Textiles and Apparel,"Korea, Republic of",Other,1
Taisei,Construction,Japan,Industrial,1
Baker Hughes Company,Equipment,United States of America,Industrial,1
Bama Gruppen AS,Food and Beverage Products,Norway,Consumer,1
Bank Muscat,Financial Services,Oman,Financial,1
Bank of Jinzhou,Financial Services,Hong Kong,Financial,1
Bank of the Philippine Islands (BPI),Financial Services,Philippines,Financial,1
Asia Pacific Breweries (Singapore),Food and Beverage Products,Singapore,Consumer,1
Asia Pacific Breweries Limited (APBL),Food and Beverage Products,Singapore,Consumer,1
Askey Corporation,Computers,Taiwan,Other,1
Astoria Investments Ltd,Financial Services,Mauritius,Financial,1
Astra Agro Lestari,Agriculture,Indonesia,Other,1
Applied Materials,Technology Hardware,United States of America,Consumer,1
ArcelorMittal,Metals Products,Luxembourg,Industrial,1
The Ladoga Charitable Foundation,Non-Profit / Services,Russian Federation,Other,1
The Linde Group,Energy,Germany,Industrial,1
The Nigerian Stock Exchange,Financial Services,Nigeria,Financial,1
The Stock Exchange of Thailand (SET),Financial Services,Thailand,Financial,1
Thoro Packaging,Forest and Paper Products,United States of America,Other,1
Tata Consultancy Services (TCS),Computers,India,Other,1
Tatts Group,Other,Australia,Other,1
Telekom Albania SHA,Telecommunications,Albania,Consumer,1
Telenor Hungary,Telecommunications,Hungary,Consumer,1
Telstra,Telecommunications,Australia,Consumer,1
Teranga Gold,Mining,Canada,Industrial,1
Terna,Energy Utilities,Italy,Industrial,1
Terna Group,Energy Utilities,Italy,Industrial,1
Tesco,Food and Beverage Products,United Kingdom of Great Britain and Northern Ireland,Consumer,1
Tupras,Energy,Turkey,Industrial,1
Tetra Pak International,Other,Switzerland,Other,1
Thai Optical Group,Household and Personal Products,Thailand,Consumer,1
The Chartered Institute of Building,Non-Profit / Services,United Kingdom of Great Britain and Northern Ireland,Other,1
The Korea Teachers Pension,Public Agency,"Korea, Republic of",Other,1
Atrium Ljungberg,Real Estate,Sweden,Financial,1
Attijariwafa Bank,Financial Services,Morocco,Financial,1
Aura Minerals,Mining,Canada,Industrial,1
Autodesk,Commercial Services,United States of America,Financial,1
Autogrill S.p.A.,Food and Beverage Products,Italy,Consumer,1
Aveva,Computers,United Kingdom of Great Britain and Northern Ireland,Other,1
Avvocato Michela Cocchi - Studio Legale,Commercial Services,Italy,Financial,1
Antamina,Mining,Peru,Industrial,1
Apache Corporation,Energy,United States of America,Industrial,1
Apator,Equipment,Poland,Industrial,1
Apollo Hospitals Enterprise Limited,Healthcare Services,India,Other,1
Allianz Malaysia Berhad,Financial Services,Malaysia,Financial,1
Altia,Food and Beverage Products,Finland,Consumer,1
Altron (Allied Electronics Corporation Limited),Telecommunications,South Africa,Consumer,1
Unilever N.V.,Food and Beverage Products,Netherlands,Consumer,1
Union Capital Limited,Financial Services,Bangladesh,Financial,1
UnipolSai,Other,Italy,Other,1
United States Cold Storage (USCS),Logistics,United States of America,Financial,1
Tiffany & Co.,Retailers,United States of America,Consumer,1
Tiger Brands,Household and Personal Products,South Africa,Consumer,1
Tim Hortons,Food and Beverage Products,Canada,Consumer,1
Toyota Australia,Automotive,Australia,Industrial,1
Transcorp Hotels Plc.,Tourism/Leisure,Nigeria,Other,1
Transpacific Industries Group,Waste Management,Australia,Other,1
Treasury Wine Estates,Food and Beverage Products,Australia,Consumer,1
Triodos Bank Internationaal,Financial Services,Netherlands,Financial,1
Tufts University,Universities,United States of America,Other,1
Ventura Foods,Food and Beverage Products,United States of America,Consumer,1
TÜV Rheinland AG,Commercial Services,Germany,Financial,1
UCB,Healthcare Products,Belgium,Consumer,1
UK Green Building Council,Other,United Kingdom of Great Britain and Northern Ireland,Other,1
UNEP WCMC,Non-Profit / Services,United Kingdom of Great Britain and Northern Ireland,Other,1
UNFI,Food and Beverage Products,United States of America,Consumer,1
UNIBAIL-RODAMCO SE,Real Estate,France,Financial,1
UPL Limited,Chemicals,India,Industrial,1
ArcelorMittal Ukraine,Metals Products,Ukraine,Industrial,1
Architectural Services Department (HKSARG),Public Agency,Hong Kong,Other,1
Arla Foods,Food and Beverage Products,Denmark,Consumer,1
Arrowhead Properties,Real Estate,South Africa,Financial,1
Asahi Glass Company,Chemicals,Japan,Industrial,1
Al Mansour Holding Co. For Financial Investments,Food and Beverage Products,Egypt,Consumer,1
Algonquin,Energy Utilities,Canada,Industrial,1
Allianz Australia,Financial Services,Australia,Financial,1
Vodafone Netherlands,Telecommunications,Netherlands,Consumer,1
Vodafone Qatar,Telecommunications,Qatar,Consumer,1
Vodafone Turkey,Telecommunications,Turkey,Consumer,1
Vopak,Other,Netherlands,Other,1
Unity Mining,Mining,Australia,Industrial,1
University of Maine System,Universities,United States of America,Other,1
"Ursus Breweries, a subsidiary of SABMiller plc.",Food and Beverage Products,Romania,Consumer,1
VINCI,Construction,France,Industrial,1
VVO Group,Real Estate,Finland,Financial,1
Valcambi SA,Metals Products,Switzerland,Industrial,1
Valmet,Conglomerates,Finland,Financial,1
Valvoline,Automotive,United States of America,Industrial,1
Varian Medical Services,Healthcare Services,United States of America,Other,1
Vauxhall Motors,Automotive,United Kingdom of Great Britain and Northern Ireland,Industrial,1
Vectren,Energy Utilities,United States of America,Industrial,1
Veikkaus,Other,Finland,Other,1
Villanova University,Universities,United States of America,Other,1
Vingroup,Real Estate,Viet Nam,Financial,1
Viridian Group,Energy,United Kingdom of Great Britain and Northern Ireland,Industrial,1
Vista Outdoor,Household and Personal Products,United States of America,Consumer,1
Vodafone Australia,Telecommunications,Australia,Consumer,1
Vodafone Espana,Telecommunications,Spain,Consumer,1
Amadeus,Commercial Services,Spain,Financial,1
Amatheon Agri Holding N.V.,Food and Beverage Products,Germany,Consumer,1
American Airlines,Aviation,United States of America,Other,1
American Cleaning Institute,Household and Personal Products,United States of America,Consumer,1
Acer,Computers,Taiwan,Other,1
Adani Enterprises Limited,Other,India,Other,1
Addtech,Technology Hardware,Sweden,Consumer,1
Adisseo France SAS,Chemicals,France,Industrial,1
Aetna Inc.,Healthcare Services,United States of America,Other,1
AfroCentric Investment Corporation Limited,Conglomerates,South Africa,Financial,1
AK BARS Bank,Financial Services,Russian Federation,Financial,1
super group,Logistics,South Africa,Financial,1
ASM Pacific Technology,Other,Hong Kong,Other,1
AAK,Conglomerates,Sweden,Financial,1
ASN Bank,Financial Services,Netherlands,Financial,1
ACC Limited,Construction Materials,India,Other,1
AT&T,Telecommunications,United States of America,Consumer,1
ADT,Equipment,United States of America,Industrial,1
AWE,Other,Australia,Other,1
denkstatt GmbH,Other,Austria,Other,1
inpEV (Instituto Nacional de Processamento de Embalagens Vazias),Agriculture,Brazil,Other,1
ARMZ Uranium Holding Co. (Atomredmetzoloto),Mining,Russian Federation,Industrial,1
W G Wearne,Construction Materials,South Africa,Other,1
WWF Australia,Non-Profit / Services,Australia,Other,1
Wacker Neuson Group,Equipment,Germany,Industrial,1
Wafer Works Corporation,Technology Hardware,Taiwan,Consumer,1
Abbott Ireland,Healthcare Products,Ireland,Consumer,1
Abellio,Railroad,United Kingdom of Great Britain and Northern Ireland,Other,1
Abu Dhabi Commercial Bank (ADCB),Real Estate,United Arab Emirates,Financial,1
Abu Dhabi Department of Municipal Affairs (DMA),Public Agency,United Arab Emirates,Other,1
Acea,Energy Utilities,Italy,Industrial,1
ZCI,Mining,South Africa,Industrial,1
Zeon Corp.,Chemicals,Japan,Industrial,1
Zilor,Energy,Brazil,Industrial,1
Zions Bancorporation,Financial Services,United States of America,Financial,1
Zwack Unicum Nyrt,Food and Beverage Products,Hungary,Consumer,1
Xella,Construction Materials,Germany,Other,1
Yale University,Universities,United States of America,Other,1
APERAM,Metals Products,Luxembourg,Industrial,1
ANGKOR GOLD CORP.,Mining,Cambodia,Industrial,1
AMP Capital Investors,Financial Services,Australia,Financial,1
ALPHA Bank,Financial Services,Greece,Financial,1
